kept_record,merged_records,normalized_name,rule_applied,fields_preserved,note
OPS_000083,['REC_000169'],311,source_preference,"['Name', 'NameAlphabetized', 'OperationalStatus', 'PreliminaryOrganizationType', 'URL', 'ParentOrganization', 'NYCReportingLine', 'AuthorizingAuthority', 'Notes', 'FoundingYear', 'URISlug', 'DateCreated', 'Name - WeGov', 'NameWithAcronym', 'NameAlphabetizedWithAcronym']","Kept ops record over primary (preserved fields: FoundingYear, Notes, Name - WeGov, ParentOrganization, PreliminaryOrganizationType, AuthorizingAuthority, NYCReportingLine, NameWithAcronym, NameAlphabetized, URL, DateCreated, NameAlphabetizedWithAcronym, URISlug, Name, OperationalStatus)"
OPS_000149,['REC_000002'],archival review board,source_preference,"['Name', 'NameAlphabetized', 'OperationalStatus', 'PreliminaryOrganizationType', 'ParentOrganization', 'NYCReportingLine', 'AuthorizingAuthority', 'LegalCitation', 'LegalCitationURL', 'LegalCitationText', 'FoundingYear', 'URISlug', 'DateCreated', 'NameWithAcronym', 'NameAlphabetizedWithAcronym']","Kept ops record over primary (preserved fields: FoundingYear, LegalCitationText, LegalCitationURL, ParentOrganization, LegalCitation, PreliminaryOrganizationType, AuthorizingAuthority, NameWithAcronym, NameAlphabetized, NYCReportingLine, DateCreated, NameAlphabetizedWithAcronym, URISlug, Name, OperationalStatus)"
OPS_000152,['REC_000005'],audit committee,source_preference,"['Name', 'NameAlphabetized', 'OperationalStatus', 'PreliminaryOrganizationType', 'NYCReportingLine', 'AuthorizingAuthority', 'LegalCitation', 'LegalCitationURL', 'LegalCitationText', 'Acronym', 'FoundingYear', 'URISlug', 'DateCreated', 'NameWithAcronym', 'NameAlphabetizedWithAcronym']","Kept ops record over primary (preserved fields: FoundingYear, LegalCitationText, LegalCitationURL, LegalCitation, PreliminaryOrganizationType, AuthorizingAuthority, NameWithAcronym, Acronym, NameAlphabetized, NYCReportingLine, DateCreated, NameAlphabetizedWithAcronym, URISlug, Name, OperationalStatus)"
OPS_000167,['REC_000006'],board of correction,source_preference,"['Name', 'NameAlphabetized', 'OperationalStatus', 'PreliminaryOrganizationType', 'Description', 'URL', 'NYCReportingLine', 'AuthorizingAuthority', 'LegalCitation', 'LegalCitationURL', 'LegalCitationText', 'Acronym', 'BudgetCode', 'PrincipalOfficerName', 'PrincipalOfficerTitle', 'FoundingYear', 'URISlug', 'DateCreated', 'Name - NYC.gov Agency List', ""Name - NYC.gov Mayor's Office"", 'Name - ODA', 'Name - CPO', 'Name - WeGov', 'Name - Greenbook', 'Name - Checkbook', 'NameWithAcronym', 'NameAlphabetizedWithAcronym', 'PrincipalOfficerGivenName', 'PrincipalOfficerFamilyName']","Kept ops record over primary (preserved fields: Name - NYC.gov Mayor's Office, PrincipalOfficerGivenName, Name - CPO, LegalCitationText, Name - WeGov, NYCReportingLine, URL, Name - NYC.gov Agency List, URISlug, BudgetCode, Name - ODA, Description, Name - Checkbook, PreliminaryOrganizationType, Acronym, PrincipalOfficerTitle, DateCreated, LegalCitationURL, Name, PrincipalOfficerName, Name - Greenbook, FoundingYear, PrincipalOfficerFamilyName, LegalCitation, NameWithAcronym, NameAlphabetized, NameAlphabetizedWithAcronym, AuthorizingAuthority, OperationalStatus)"
OPS_000390,['REC_000008'],board of elections,source_preference,"['Name', 'NameAlphabetized', 'OperationalStatus', 'PreliminaryOrganizationType', 'Description', 'URL', 'NYCReportingLine', 'AuthorizingAuthority', 'LegalCitation', 'LegalCitationURL', 'LegalCitationText', 'Acronym', 'BudgetCode', 'PrincipalOfficerName', 'PrincipalOfficerTitle', 'OpenDatasetsURL', 'FoundingYear', 'URISlug', 'DateCreated', 'Name - NYC.gov Agency List', ""Name - NYC.gov Mayor's Office"", 'Name - NYC Open Data Portal', 'Name - ODA', 'Name - WeGov', 'Name - Greenbook', 'Name - Checkbook', 'NameWithAcronym', 'NameAlphabetizedWithAcronym', 'PrincipalOfficerGivenName', 'PrincipalOfficerFamilyName']","Kept ops record over primary (preserved fields: Name - NYC.gov Mayor's Office, PrincipalOfficerGivenName, Name - NYC Open Data Portal, LegalCitationText, Name - WeGov, NYCReportingLine, URL, Name - NYC.gov Agency List, URISlug, BudgetCode, Name - ODA, Description, Name - Checkbook, PreliminaryOrganizationType, Acronym, OpenDatasetsURL, PrincipalOfficerTitle, DateCreated, LegalCitationURL, Name, PrincipalOfficerName, Name - Greenbook, FoundingYear, PrincipalOfficerFamilyName, LegalCitation, NameWithAcronym, NameAlphabetized, NameAlphabetizedWithAcronym, AuthorizingAuthority, OperationalStatus)"
OPS_000168,['REC_000009'],board of health,source_preference,"['Name', 'NameAlphabetized', 'OperationalStatus', 'PreliminaryOrganizationType', 'NYCReportingLine', 'AuthorizingAuthority', 'LegalCitation', 'LegalCitationURL', 'LegalCitationText', 'FoundingYear', 'URISlug', 'DateCreated', 'NameWithAcronym', 'NameAlphabetizedWithAcronym']","Kept ops record over primary (preserved fields: FoundingYear, LegalCitationText, LegalCitationURL, LegalCitation, PreliminaryOrganizationType, AuthorizingAuthority, NameWithAcronym, NameAlphabetized, NYCReportingLine, DateCreated, NameAlphabetizedWithAcronym, URISlug, Name, OperationalStatus)"
OPS_000172,['REC_000010'],board of standards and appeals,source_preference,"['Name', 'NameAlphabetized', 'OperationalStatus', 'PreliminaryOrganizationType', 'Description', 'URL', 'NYCReportingLine', 'AuthorizingAuthority', 'LegalCitation', 'LegalCitationURL', 'LegalCitationText', 'Acronym', 'PrincipalOfficerName', 'PrincipalOfficerTitle', 'OpenDatasetsURL', 'FoundingYear', 'URISlug', 'DateCreated', 'Name - NYC.gov Agency List', ""Name - NYC.gov Mayor's Office"", 'Name - NYC Open Data Portal', 'Name - ODA', 'Name - CPO', 'Name - WeGov', 'Name - Greenbook', 'NameWithAcronym', 'NameAlphabetizedWithAcronym', 'PrincipalOfficerGivenName', 'PrincipalOfficerFamilyName']","Kept ops record over primary (preserved fields: Name - NYC.gov Mayor's Office, PrincipalOfficerGivenName, Name - NYC Open Data Portal, Name - CPO, LegalCitationText, Name - WeGov, NYCReportingLine, URL, Name - NYC.gov Agency List, URISlug, Name - ODA, Description, PreliminaryOrganizationType, Acronym, OpenDatasetsURL, PrincipalOfficerTitle, DateCreated, LegalCitationURL, Name, PrincipalOfficerName, Name - Greenbook, FoundingYear, PrincipalOfficerFamilyName, LegalCitation, NameWithAcronym, NameAlphabetized, NameAlphabetizedWithAcronym, AuthorizingAuthority, OperationalStatus)"
OPS_000157,['REC_000014'],brooklyn bridge park corporation,source_preference,"['Name', 'NameAlphabetized', 'OperationalStatus', 'PreliminaryOrganizationType', 'URL', 'AuthorizingAuthority', 'LegalCitation', 'LegalCitationURL', 'Acronym', 'FoundingYear', 'URISlug', 'DateCreated', 'Name - Greenbook', 'NameWithAcronym', 'NameAlphabetizedWithAcronym']","Kept ops record over primary (preserved fields: FoundingYear, LegalCitationURL, LegalCitation, PreliminaryOrganizationType, AuthorizingAuthority, Name - Greenbook, NameWithAcronym, Acronym, NameAlphabetized, URL, DateCreated, NameAlphabetizedWithAcronym, URISlug, Name, OperationalStatus)"
OPS_000166,['REC_000015'],brooklyn navy yard development corporation,source_preference,"['Name', 'NameAlphabetized', 'OperationalStatus', 'PreliminaryOrganizationType', 'Description', 'URL', 'AuthorizingAuthority', 'Acronym', 'PrincipalOfficerName', 'PrincipalOfficerTitle', 'FoundingYear', 'URISlug', 'DateCreated', 'Name - NYC.gov Agency List', ""Name - NYC.gov Mayor's Office"", 'Name - ODA', 'Name - Greenbook', 'NameWithAcronym', 'NameAlphabetizedWithAcronym', 'PrincipalOfficerGivenName', 'PrincipalOfficerFamilyName']","Kept ops record over primary (preserved fields: Name - NYC.gov Mayor's Office, PrincipalOfficerGivenName, URL, Name - ODA, Name - NYC.gov Agency List, URISlug, Description, PreliminaryOrganizationType, Acronym, PrincipalOfficerTitle, DateCreated, Name, PrincipalOfficerName, Name - Greenbook, FoundingYear, PrincipalOfficerFamilyName, NameWithAcronym, NameAlphabetized, NameAlphabetizedWithAcronym, AuthorizingAuthority, OperationalStatus)"
OPS_000164,['REC_000017'],business integrity commission,source_preference,"['Name', 'NameAlphabetized', 'OperationalStatus', 'PreliminaryOrganizationType', 'Description', 'URL', 'ParentOrganization', 'NYCReportingLine', 'AuthorizingAuthority', 'LegalCitation', 'LegalCitationURL', 'LegalCitationText', 'Acronym', 'BudgetCode', 'PrincipalOfficerName', 'PrincipalOfficerTitle', 'OpenDatasetsURL', 'FoundingYear', 'URISlug', 'DateCreated', 'Name - NYC.gov Agency List', ""Name - NYC.gov Mayor's Office"", 'Name - NYC Open Data Portal', 'Name - ODA', 'Name - CPO', 'Name - WeGov', 'Name - Greenbook', 'Name - Checkbook', 'NameWithAcronym', 'NameAlphabetizedWithAcronym', 'PrincipalOfficerGivenName', 'PrincipalOfficerFamilyName']","Kept ops record over primary (preserved fields: Name - NYC.gov Mayor's Office, ParentOrganization, PrincipalOfficerGivenName, Name - NYC Open Data Portal, Name - CPO, LegalCitationText, Name - WeGov, NYCReportingLine, URL, Name - NYC.gov Agency List, URISlug, BudgetCode, Name - ODA, Description, Name - Checkbook, PreliminaryOrganizationType, Acronym, OpenDatasetsURL, PrincipalOfficerTitle, DateCreated, LegalCitationURL, Name, PrincipalOfficerName, Name - Greenbook, FoundingYear, PrincipalOfficerFamilyName, LegalCitation, NameWithAcronym, NameAlphabetized, NameAlphabetizedWithAcronym, AuthorizingAuthority, OperationalStatus)"
OPS_000193,['REC_000019'],campaign finance board,source_preference,"['Name', 'NameAlphabetized', 'OperationalStatus', 'PreliminaryOrganizationType', 'Description', 'URL', 'NYCReportingLine', 'AuthorizingAuthority', 'LegalCitation', 'LegalCitationURL', 'LegalCitationText', 'Acronym', 'BudgetCode', 'PrincipalOfficerName', 'PrincipalOfficerTitle', 'OpenDatasetsURL', 'FoundingYear', 'URISlug', 'DateCreated', 'Name - NYC.gov Agency List', ""Name - NYC.gov Mayor's Office"", 'Name - NYC Open Data Portal', 'Name - ODA', 'Name - CPO', 'Name - WeGov', 'Name - Greenbook', 'Name - Checkbook', 'NameWithAcronym', 'NameAlphabetizedWithAcronym', 'PrincipalOfficerGivenName', 'PrincipalOfficerFamilyName']","Kept ops record over primary (preserved fields: Name - NYC.gov Mayor's Office, PrincipalOfficerGivenName, Name - NYC Open Data Portal, Name - CPO, LegalCitationText, Name - WeGov, NYCReportingLine, URL, Name - NYC.gov Agency List, URISlug, BudgetCode, Name - ODA, Description, Name - Checkbook, PreliminaryOrganizationType, Acronym, OpenDatasetsURL, PrincipalOfficerTitle, DateCreated, LegalCitationURL, Name, PrincipalOfficerName, Name - Greenbook, FoundingYear, PrincipalOfficerFamilyName, LegalCitation, NameWithAcronym, NameAlphabetized, NameAlphabetizedWithAcronym, AuthorizingAuthority, OperationalStatus)"
OPS_000201,['REC_000021'],charter revision commission,source_preference,"['Name', 'NameAlphabetized', 'OperationalStatus', 'PreliminaryOrganizationType', 'Description', 'URL', 'NYCReportingLine', 'AuthorizingAuthority', 'LegalCitation', 'LegalCitationURL', 'LegalCitationText', 'Acronym', 'PrincipalOfficerTitle', 'URISlug', 'DateCreated', 'Name - NYC.gov Agency List', ""Name - NYC.gov Mayor's Office"", 'Name - ODA', 'NameWithAcronym', 'NameAlphabetizedWithAcronym']","Kept ops record over primary (preserved fields: Name - NYC.gov Mayor's Office, LegalCitationText, NYCReportingLine, Name - ODA, URL, Name - NYC.gov Agency List, URISlug, Description, PreliminaryOrganizationType, Acronym, PrincipalOfficerTitle, DateCreated, LegalCitationURL, Name, LegalCitation, NameWithAcronym, NameAlphabetized, NameAlphabetizedWithAcronym, AuthorizingAuthority, OperationalStatus)"
OPS_000012,['REC_000260'],chief climate officer,source_preference,"['Name', 'NameAlphabetized', 'OperationalStatus', 'PreliminaryOrganizationType', 'ParentOrganization', 'NYCReportingLine', 'AuthorizingAuthority', 'LegalCitation', 'LegalCitationURL', 'LegalCitationText', 'FoundingYear', 'URISlug', 'DateCreated', 'NameWithAcronym', 'NameAlphabetizedWithAcronym']","Kept ops record over primary (preserved fields: FoundingYear, LegalCitationText, LegalCitationURL, ParentOrganization, LegalCitation, PreliminaryOrganizationType, AuthorizingAuthority, NameWithAcronym, NameAlphabetized, NYCReportingLine, DateCreated, NameAlphabetizedWithAcronym, URISlug, Name, OperationalStatus)"
OPS_000182,['REC_000024'],child care advisory board,source_preference,"['Name', 'NameAlphabetized', 'OperationalStatus', 'PreliminaryOrganizationType', 'NYCReportingLine', 'AuthorizingAuthority', 'LegalCitation', 'LegalCitationURL', 'LegalCitationText', 'FoundingYear', 'URISlug', 'DateCreated', 'NameWithAcronym', 'NameAlphabetizedWithAcronym']","Kept ops record over primary (preserved fields: FoundingYear, LegalCitationText, LegalCitationURL, LegalCitation, PreliminaryOrganizationType, AuthorizingAuthority, NameWithAcronym, NameAlphabetized, NYCReportingLine, DateCreated, NameAlphabetizedWithAcronym, URISlug, Name, OperationalStatus)"
OPS_000399,['REC_000026'],city council,source_preference,"['Name', 'NameAlphabetized', 'OperationalStatus', 'PreliminaryOrganizationType', 'Description', 'URL', 'NYCReportingLine', 'AuthorizingAuthority', 'LegalCitation', 'LegalCitationURL', 'LegalCitationText', 'Acronym', 'BudgetCode', 'PrincipalOfficerTitle', 'OpenDatasetsURL', 'FoundingYear', 'URISlug', 'DateCreated', 'Name - NYC.gov Agency List', ""Name - NYC.gov Mayor's Office"", 'Name - NYC Open Data Portal', 'Name - ODA', 'Name - WeGov', 'Name - Greenbook', 'Name - Checkbook', 'NameWithAcronym', 'NameAlphabetizedWithAcronym']","Kept ops record over primary (preserved fields: Name - NYC.gov Mayor's Office, Name - NYC Open Data Portal, LegalCitationText, Name - WeGov, NYCReportingLine, URL, Name - NYC.gov Agency List, URISlug, BudgetCode, Name - ODA, Description, Name - Checkbook, PreliminaryOrganizationType, Acronym, OpenDatasetsURL, PrincipalOfficerTitle, DateCreated, LegalCitationURL, Name, Name - Greenbook, FoundingYear, LegalCitation, NameWithAcronym, NameAlphabetized, NameAlphabetizedWithAcronym, AuthorizingAuthority, OperationalStatus)"
OPS_000200,['REC_000027'],city planning commission,source_preference,"['Name', 'NameAlphabetized', 'OperationalStatus', 'PreliminaryOrganizationType', 'URL', 'NYCReportingLine', 'AuthorizingAuthority', 'LegalCitation', 'LegalCitationURL', 'LegalCitationText', 'FoundingYear', 'URISlug', 'DateCreated', 'Name - WeGov', 'Name - Greenbook', 'NameWithAcronym', 'NameAlphabetizedWithAcronym']","Kept ops record over primary (preserved fields: FoundingYear, LegalCitationText, LegalCitationURL, Name - WeGov, LegalCitation, PreliminaryOrganizationType, AuthorizingAuthority, Name - Greenbook, NYCReportingLine, NameWithAcronym, NameAlphabetized, URL, DateCreated, NameAlphabetizedWithAcronym, URISlug, Name, OperationalStatus)"
OPS_000191,['REC_000030'],civic engagement commission,source_preference,"['Name', 'NameAlphabetized', 'OperationalStatus', 'PreliminaryOrganizationType', 'Description', 'URL', 'ParentOrganization', 'NYCReportingLine', 'AuthorizingAuthority', 'LegalCitation', 'LegalCitationURL', 'LegalCitationText', 'Acronym', 'PrincipalOfficerName', 'PrincipalOfficerTitle', 'OpenDatasetsURL', 'FoundingYear', 'URISlug', 'DateCreated', 'Name - NYC.gov Agency List', ""Name - NYC.gov Mayor's Office"", 'Name - NYC Open Data Portal', 'Name - ODA', 'Name - CPO', 'Name - WeGov', 'NameWithAcronym', 'NameAlphabetizedWithAcronym', 'PrincipalOfficerGivenName', 'PrincipalOfficerFamilyName']","Kept ops record over primary (preserved fields: Name - NYC.gov Mayor's Office, ParentOrganization, PrincipalOfficerGivenName, Name - NYC Open Data Portal, Name - CPO, LegalCitationText, Name - WeGov, NYCReportingLine, URL, Name - NYC.gov Agency List, URISlug, Name - ODA, Description, PreliminaryOrganizationType, Acronym, OpenDatasetsURL, PrincipalOfficerTitle, DateCreated, LegalCitationURL, Name, PrincipalOfficerName, FoundingYear, PrincipalOfficerFamilyName, LegalCitation, NameWithAcronym, NameAlphabetized, NameAlphabetizedWithAcronym, AuthorizingAuthority, OperationalStatus)"
OPS_000207,['REC_000031'],civil service commission,source_preference,"['Name', 'NameAlphabetized', 'OperationalStatus', 'PreliminaryOrganizationType', 'Description', 'URL', 'NYCReportingLine', 'AuthorizingAuthority', 'LegalCitation', 'LegalCitationURL', 'LegalCitationText', 'Acronym', 'BudgetCode', 'PrincipalOfficerName', 'PrincipalOfficerTitle', 'OpenDatasetsURL', 'FoundingYear', 'URISlug', 'DateCreated', 'Name - NYC.gov Agency List', ""Name - NYC.gov Mayor's Office"", 'Name - NYC Open Data Portal', 'Name - ODA', 'Name - CPO', 'Name - WeGov', 'Name - Greenbook', 'Name - Checkbook', 'NameWithAcronym', 'NameAlphabetizedWithAcronym', 'PrincipalOfficerGivenName', 'PrincipalOfficerFamilyName']","Kept ops record over primary (preserved fields: Name - NYC.gov Mayor's Office, PrincipalOfficerGivenName, Name - NYC Open Data Portal, Name - CPO, LegalCitationText, Name - WeGov, NYCReportingLine, URL, Name - NYC.gov Agency List, URISlug, BudgetCode, Name - ODA, Description, Name - Checkbook, PreliminaryOrganizationType, Acronym, OpenDatasetsURL, PrincipalOfficerTitle, DateCreated, LegalCitationURL, Name, PrincipalOfficerName, Name - Greenbook, FoundingYear, PrincipalOfficerFamilyName, LegalCitation, NameWithAcronym, NameAlphabetized, NameAlphabetizedWithAcronym, AuthorizingAuthority, OperationalStatus)"
OPS_000086,['REC_000032'],civilian complaint review board,source_preference,"['Name', 'NameAlphabetized', 'OperationalStatus', 'PreliminaryOrganizationType', 'Description', 'URL', 'NYCReportingLine', 'AuthorizingAuthority', 'LegalCitation', 'LegalCitationURL', 'LegalCitationText', 'Acronym', 'BudgetCode', 'PrincipalOfficerName', 'PrincipalOfficerTitle', 'OpenDatasetsURL', 'FoundingYear', 'URISlug', 'DateCreated', 'Name - NYC.gov Agency List', ""Name - NYC.gov Mayor's Office"", 'Name - NYC Open Data Portal', 'Name - ODA', 'Name - CPO', 'Name - WeGov', 'Name - Greenbook', 'Name - Checkbook', 'NameWithAcronym', 'NameAlphabetizedWithAcronym', 'PrincipalOfficerGivenName', 'PrincipalOfficerFamilyName']","Kept ops record over primary (preserved fields: Name - NYC.gov Mayor's Office, PrincipalOfficerGivenName, Name - NYC Open Data Portal, Name - CPO, LegalCitationText, Name - WeGov, NYCReportingLine, URL, Name - NYC.gov Agency List, URISlug, BudgetCode, Name - ODA, Description, Name - Checkbook, PreliminaryOrganizationType, Acronym, OpenDatasetsURL, PrincipalOfficerTitle, DateCreated, LegalCitationURL, Name, PrincipalOfficerName, Name - Greenbook, FoundingYear, PrincipalOfficerFamilyName, LegalCitation, NameWithAcronym, NameAlphabetized, NameAlphabetizedWithAcronym, AuthorizingAuthority, OperationalStatus)"
OPS_000396,['REC_000040'],community boards,source_preference,"['Name', 'NameAlphabetized', 'OperationalStatus', 'PreliminaryOrganizationType', 'Description', 'URL', 'NYCReportingLine', 'AuthorizingAuthority', 'LegalCitation', 'LegalCitationURL', 'LegalCitationText', 'Acronym', 'PrincipalOfficerName', 'PrincipalOfficerTitle', 'FoundingYear', 'URISlug', 'DateCreated', 'Name - NYC.gov Agency List', ""Name - NYC.gov Mayor's Office"", 'NameWithAcronym', 'NameAlphabetizedWithAcronym', 'PrincipalOfficerGivenName', 'PrincipalOfficerFamilyName']","Kept ops record over primary (preserved fields: Name - NYC.gov Mayor's Office, PrincipalOfficerGivenName, LegalCitationText, NYCReportingLine, URL, Name - NYC.gov Agency List, URISlug, Description, PreliminaryOrganizationType, Acronym, PrincipalOfficerTitle, DateCreated, LegalCitationURL, Name, PrincipalOfficerName, FoundingYear, PrincipalOfficerFamilyName, LegalCitation, NameWithAcronym, NameAlphabetized, NameAlphabetizedWithAcronym, AuthorizingAuthority, OperationalStatus)"
OPS_000198,['REC_000041'],conflicts of interest board,source_preference,"['Name', 'NameAlphabetized', 'OperationalStatus', 'PreliminaryOrganizationType', 'Description', 'URL', 'NYCReportingLine', 'AuthorizingAuthority', 'LegalCitation', 'LegalCitationURL', 'LegalCitationText', 'Acronym', 'BudgetCode', 'PrincipalOfficerName', 'PrincipalOfficerTitle', 'OpenDatasetsURL', 'FoundingYear', 'URISlug', 'DateCreated', 'Name - NYC.gov Agency List', ""Name - NYC.gov Mayor's Office"", 'Name - NYC Open Data Portal', 'Name - ODA', 'Name - CPO', 'Name - WeGov', 'Name - Greenbook', 'Name - Checkbook', 'NameWithAcronym', 'NameAlphabetizedWithAcronym', 'PrincipalOfficerGivenName', 'PrincipalOfficerFamilyName']","Kept ops record over primary (preserved fields: Name - NYC.gov Mayor's Office, PrincipalOfficerGivenName, Name - NYC Open Data Portal, Name - CPO, LegalCitationText, Name - WeGov, NYCReportingLine, URL, Name - NYC.gov Agency List, URISlug, BudgetCode, Name - ODA, Description, Name - Checkbook, PreliminaryOrganizationType, Acronym, OpenDatasetsURL, PrincipalOfficerTitle, DateCreated, LegalCitationURL, Name, PrincipalOfficerName, Name - Greenbook, FoundingYear, PrincipalOfficerFamilyName, LegalCitation, NameWithAcronym, NameAlphabetized, NameAlphabetizedWithAcronym, AuthorizingAuthority, OperationalStatus)"
OPS_000021,"['REC_000042', 'HOO_000047']",democracynyc,source_preference,"['Name', 'NameAlphabetized', 'OperationalStatus', 'PreliminaryOrganizationType', 'Description', 'URL', 'AuthorizingAuthority', 'LegalCitation', 'LegalCitationURL', 'LegalCitationText', 'PrincipalOfficerName', 'PrincipalOfficerTitle', 'URISlug', 'DateCreated', 'Name - NYC.gov Agency List', ""Name - NYC.gov Mayor's Office"", 'Name - WeGov', 'NameWithAcronym', 'NameAlphabetizedWithAcronym', 'PrincipalOfficerGivenName', 'PrincipalOfficerFamilyName', 'AgencyNameEnriched']","Kept ops record over primary, nyc_gov (preserved fields: Name - NYC.gov Mayor's Office, PrincipalOfficerGivenName, AgencyNameEnriched, LegalCitationText, Name - WeGov, URL, Name - NYC.gov Agency List, URISlug, Description, PreliminaryOrganizationType, PrincipalOfficerTitle, DateCreated, LegalCitationURL, Name, PrincipalOfficerName, PrincipalOfficerFamilyName, LegalCitation, NameWithAcronym, NameAlphabetized, NameAlphabetizedWithAcronym, AuthorizingAuthority, OperationalStatus)"
OPS_000017,['REC_000257'],director of communications,source_preference,"['Name', 'NameAlphabetized', 'OperationalStatus', 'PreliminaryOrganizationType', 'ParentOrganization', 'NYCReportingLine', 'AuthorizingAuthority', 'LegalCitation', 'LegalCitationURL', 'LegalCitationText', 'URISlug', 'DateCreated', 'NameWithAcronym', 'NameAlphabetizedWithAcronym']","Kept ops record over primary (preserved fields: LegalCitationText, LegalCitationURL, ParentOrganization, LegalCitation, PreliminaryOrganizationType, AuthorizingAuthority, NameWithAcronym, NameAlphabetized, NYCReportingLine, DateCreated, NameAlphabetizedWithAcronym, URISlug, Name, OperationalStatus)"
OPS_000112,['REC_000077'],economic development corporation,source_preference,"['Name', 'NameAlphabetized', 'OperationalStatus', 'PreliminaryOrganizationType', 'Description', 'URL', 'NYCReportingLine', 'AuthorizingAuthority', 'Acronym', 'PrincipalOfficerName', 'PrincipalOfficerTitle', 'OpenDatasetsURL', 'FoundingYear', 'URISlug', 'DateCreated', 'Name - NYC.gov Agency List', ""Name - NYC.gov Mayor's Office"", 'Name - NYC Open Data Portal', 'Name - ODA', 'Name - WeGov', 'Name - Greenbook', 'NameWithAcronym', 'NameAlphabetizedWithAcronym', 'PrincipalOfficerGivenName', 'PrincipalOfficerFamilyName']","Kept ops record over primary (preserved fields: Name - NYC.gov Mayor's Office, PrincipalOfficerGivenName, Name - NYC Open Data Portal, Name - WeGov, NYCReportingLine, Name - ODA, URL, Name - NYC.gov Agency List, URISlug, Description, PreliminaryOrganizationType, Acronym, OpenDatasetsURL, PrincipalOfficerTitle, DateCreated, Name, PrincipalOfficerName, Name - Greenbook, FoundingYear, PrincipalOfficerFamilyName, NameWithAcronym, NameAlphabetized, NameAlphabetizedWithAcronym, AuthorizingAuthority, OperationalStatus)"
OPS_000221,['REC_000078'],educational construction fund,source_preference,"['Name', 'NameAlphabetized', 'OperationalStatus', 'PreliminaryOrganizationType', 'AuthorizingAuthority', 'FoundingYear', 'URISlug', 'DateCreated', 'Name - WeGov', 'Name - Greenbook', 'NameWithAcronym', 'NameAlphabetizedWithAcronym']","Kept ops record over primary (preserved fields: FoundingYear, Name - WeGov, PreliminaryOrganizationType, Name, Name - Greenbook, NameWithAcronym, NameAlphabetized, NameAlphabetizedWithAcronym, DateCreated, URISlug, AuthorizingAuthority, OperationalStatus)"
OPS_000220,['REC_000079'],environmental control board,source_preference,"['Name', 'NameAlphabetized', 'OperationalStatus', 'PreliminaryOrganizationType', 'URL', 'ParentOrganization', 'NYCReportingLine', 'AuthorizingAuthority', 'LegalCitation', 'LegalCitationURL', 'LegalCitationText', 'Acronym', 'FoundingYear', 'URISlug', 'DateCreated', 'Name - ODA', 'NameWithAcronym', 'NameAlphabetizedWithAcronym']","Kept ops record over primary (preserved fields: FoundingYear, LegalCitationText, LegalCitationURL, ParentOrganization, Name - ODA, LegalCitation, PreliminaryOrganizationType, AuthorizingAuthority, NYCReportingLine, NameWithAcronym, Acronym, NameAlphabetized, URL, DateCreated, NameAlphabetizedWithAcronym, URISlug, Name, OperationalStatus)"
OPS_000225,['REC_000080'],equal employment practices commission,source_preference,"['Name', 'NameAlphabetized', 'OperationalStatus', 'PreliminaryOrganizationType', 'Description', 'URL', 'NYCReportingLine', 'AuthorizingAuthority', 'LegalCitation', 'LegalCitationURL', 'LegalCitationText', 'AlternateNames', 'Acronym', 'BudgetCode', 'PrincipalOfficerName', 'PrincipalOfficerTitle', 'OpenDatasetsURL', 'FoundingYear', 'URISlug', 'DateCreated', 'Name - NYC.gov Agency List', ""Name - NYC.gov Mayor's Office"", 'Name - NYC Open Data Portal', 'Name - ODA', 'Name - CPO', 'Name - WeGov', 'Name - Greenbook', 'Name - Checkbook', 'NameWithAcronym', 'NameAlphabetizedWithAcronym', 'PrincipalOfficerGivenName', 'PrincipalOfficerFamilyName']","Kept ops record over primary (preserved fields: Name - NYC.gov Mayor's Office, PrincipalOfficerGivenName, Name - NYC Open Data Portal, Name - CPO, LegalCitationText, Name - WeGov, NYCReportingLine, URL, AlternateNames, URISlug, BudgetCode, Name - NYC.gov Agency List, Name - ODA, Description, Name - Checkbook, PreliminaryOrganizationType, Acronym, OpenDatasetsURL, PrincipalOfficerTitle, DateCreated, LegalCitationURL, Name, PrincipalOfficerName, Name - Greenbook, FoundingYear, PrincipalOfficerFamilyName, LegalCitation, NameWithAcronym, NameAlphabetized, NameAlphabetizedWithAcronym, AuthorizingAuthority, OperationalStatus)"
OPS_000115,['REC_000082'],financial information services agency,source_preference,"['Name', 'NameAlphabetized', 'OperationalStatus', 'PreliminaryOrganizationType', 'ParentOrganization', 'NYCReportingLine', 'AuthorizingAuthority', 'LegalCitation', 'LegalCitationText', 'FoundingYear', 'URISlug', 'DateCreated', 'Name - WeGov', 'Name - Greenbook', 'Name - Checkbook', 'NameWithAcronym', 'NameAlphabetizedWithAcronym']","Kept ops record over primary (preserved fields: FoundingYear, LegalCitationText, Name - WeGov, ParentOrganization, Name - Checkbook, LegalCitation, PreliminaryOrganizationType, AuthorizingAuthority, Name - Greenbook, NameWithAcronym, NameAlphabetized, NYCReportingLine, DateCreated, NameAlphabetizedWithAcronym, URISlug, Name, OperationalStatus)"
OPS_000113,['REC_000083'],fire department,source_preference,"['Name', 'NameAlphabetized', 'OperationalStatus', 'PreliminaryOrganizationType', 'Description', 'URL', 'ParentOrganization', 'NYCReportingLine', 'AuthorizingAuthority', 'LegalCitation', 'LegalCitationURL', 'LegalCitationText', 'Acronym', 'BudgetCode', 'PrincipalOfficerName', 'PrincipalOfficerTitle', 'OpenDatasetsURL', 'FoundingYear', 'URISlug', 'DateCreated', 'Name - NYC.gov Agency List', ""Name - NYC.gov Mayor's Office"", 'Name - NYC Open Data Portal', 'Name - ODA', 'Name - CPO', 'Name - WeGov', 'Name - Greenbook', 'Name - Checkbook', 'NameWithAcronym', 'NameAlphabetizedWithAcronym', 'PrincipalOfficerGivenName', 'PrincipalOfficerFamilyName']","Kept ops record over primary (preserved fields: Name - NYC.gov Mayor's Office, ParentOrganization, PrincipalOfficerGivenName, Name - NYC Open Data Portal, Name - CPO, LegalCitationText, Name - WeGov, NYCReportingLine, URL, Name - NYC.gov Agency List, URISlug, BudgetCode, Name - ODA, Description, Name - Checkbook, PreliminaryOrganizationType, Acronym, OpenDatasetsURL, PrincipalOfficerTitle, DateCreated, LegalCitationURL, Name, PrincipalOfficerName, Name - Greenbook, FoundingYear, PrincipalOfficerFamilyName, LegalCitation, NameWithAcronym, NameAlphabetized, NameAlphabetizedWithAcronym, AuthorizingAuthority, OperationalStatus)"
OPS_000008,['REC_000085'],first deputy mayor,source_preference,"['Name', 'NameAlphabetized', 'OperationalStatus', 'PreliminaryOrganizationType', 'ParentOrganization', 'NYCReportingLine', 'AuthorizingAuthority', 'LegalCitation', 'LegalCitationURL', 'LegalCitationText', 'PrincipalOfficerTitle', 'FoundingYear', 'URISlug', 'DateCreated', ""Name - NYC.gov Mayor's Office"", 'Name - CPO', 'NameWithAcronym', 'NameAlphabetizedWithAcronym']","Kept ops record over primary (preserved fields: FoundingYear, LegalCitationText, DateCreated, LegalCitationURL, Name - CPO, Name - NYC.gov Mayor's Office, ParentOrganization, LegalCitation, PreliminaryOrganizationType, AuthorizingAuthority, NameWithAcronym, NameAlphabetized, NYCReportingLine, PrincipalOfficerTitle, NameAlphabetizedWithAcronym, URISlug, Name, OperationalStatus)"
OPS_000227,['REC_000086'],franchise and concession review committee,source_preference,"['Name', 'NameAlphabetized', 'OperationalStatus', 'PreliminaryOrganizationType', 'NYCReportingLine', 'AuthorizingAuthority', 'LegalCitation', 'LegalCitationURL', 'LegalCitationText', 'FoundingYear', 'URISlug', 'DateCreated', 'NameWithAcronym', 'NameAlphabetizedWithAcronym']","Kept ops record over primary (preserved fields: FoundingYear, LegalCitationText, LegalCitationURL, LegalCitation, PreliminaryOrganizationType, AuthorizingAuthority, NameWithAcronym, NameAlphabetized, NYCReportingLine, DateCreated, NameAlphabetizedWithAcronym, URISlug, Name, OperationalStatus)"
OPS_000025,['REC_000088'],gracie mansion conservancy,source_preference,"['Name', 'NameAlphabetized', 'OperationalStatus', 'PreliminaryOrganizationType', 'URL', 'NYCReportingLine', 'AuthorizingAuthority', 'FoundingYear', 'URISlug', 'DateCreated', 'Name - CPO', 'Name - WeGov', 'NameWithAcronym', 'NameAlphabetizedWithAcronym']","Kept ops record over primary (preserved fields: FoundingYear, Name - CPO, Name - WeGov, PreliminaryOrganizationType, AuthorizingAuthority, NYCReportingLine, NameWithAcronym, NameAlphabetized, URL, DateCreated, NameAlphabetizedWithAcronym, URISlug, Name, OperationalStatus)"
OPS_000242,['REC_000091'],grownyc,source_preference,"['Name', 'NameAlphabetized', 'OperationalStatus', 'PreliminaryOrganizationType', 'URL', 'AuthorizingAuthority', 'FoundingYear', 'URISlug', 'DateCreated', 'Name - Greenbook', 'NameWithAcronym', 'NameAlphabetizedWithAcronym']","Kept ops record over primary (preserved fields: FoundingYear, PreliminaryOrganizationType, AuthorizingAuthority, Name - Greenbook, NameWithAcronym, NameAlphabetized, URL, DateCreated, NameAlphabetizedWithAcronym, URISlug, Name, OperationalStatus)"
OPS_000246,['REC_000093'],housing development corporation,source_preference,"['Name', 'NameAlphabetized', 'OperationalStatus', 'PreliminaryOrganizationType', 'Description', 'URL', 'NYCReportingLine', 'AuthorizingAuthority', 'Acronym', 'PrincipalOfficerName', 'PrincipalOfficerTitle', 'FoundingYear', 'URISlug', 'DateCreated', 'Name - NYC.gov Agency List', ""Name - NYC.gov Mayor's Office"", 'Name - ODA', 'Name - WeGov', 'Name - Greenbook', 'NameWithAcronym', 'NameAlphabetizedWithAcronym', 'PrincipalOfficerGivenName', 'PrincipalOfficerFamilyName']","Kept ops record over primary (preserved fields: Name - NYC.gov Mayor's Office, PrincipalOfficerGivenName, Name - WeGov, NYCReportingLine, Name - ODA, URL, Name - NYC.gov Agency List, URISlug, Description, PreliminaryOrganizationType, Acronym, PrincipalOfficerTitle, DateCreated, Name, PrincipalOfficerName, Name - Greenbook, FoundingYear, PrincipalOfficerFamilyName, NameWithAcronym, NameAlphabetized, NameAlphabetizedWithAcronym, AuthorizingAuthority, OperationalStatus)"
OPS_000252,['REC_000094'],hudson yards infrastructure corporation,source_preference,"['Name', 'NameAlphabetized', 'OperationalStatus', 'PreliminaryOrganizationType', 'Description', 'URL', 'AuthorizingAuthority', 'PrincipalOfficerName', 'PrincipalOfficerTitle', 'FoundingYear', 'URISlug', 'DateCreated', 'Name - NYC.gov Agency List', ""Name - NYC.gov Mayor's Office"", 'NameWithAcronym', 'NameAlphabetizedWithAcronym', 'PrincipalOfficerGivenName', 'PrincipalOfficerFamilyName']","Kept ops record over primary (preserved fields: FoundingYear, DateCreated, Name - NYC.gov Mayor's Office, Description, PrincipalOfficerFamilyName, PreliminaryOrganizationType, AuthorizingAuthority, PrincipalOfficerGivenName, NameWithAcronym, NameAlphabetized, URL, PrincipalOfficerTitle, Name - NYC.gov Agency List, URISlug, NameAlphabetizedWithAcronym, Name, PrincipalOfficerName, OperationalStatus)"
OPS_000406,['REC_000096'],independent budget office,source_preference,"['Name', 'NameAlphabetized', 'OperationalStatus', 'PreliminaryOrganizationType', 'Description', 'URL', 'NYCReportingLine', 'AuthorizingAuthority', 'LegalCitation', 'LegalCitationURL', 'LegalCitationText', 'Acronym', 'BudgetCode', 'PrincipalOfficerName', 'PrincipalOfficerTitle', 'OpenDatasetsURL', 'FoundingYear', 'URISlug', 'DateCreated', 'Name - NYC.gov Agency List', ""Name - NYC.gov Mayor's Office"", 'Name - NYC Open Data Portal', 'Name - ODA', 'Name - CPO', 'Name - WeGov', 'Name - Greenbook', 'Name - Checkbook', 'NameWithAcronym', 'NameAlphabetizedWithAcronym', 'PrincipalOfficerGivenName', 'PrincipalOfficerFamilyName']","Kept ops record over primary (preserved fields: Name - NYC.gov Mayor's Office, PrincipalOfficerGivenName, Name - NYC Open Data Portal, Name - CPO, LegalCitationText, Name - WeGov, NYCReportingLine, URL, Name - NYC.gov Agency List, URISlug, BudgetCode, Name - ODA, Description, Name - Checkbook, PreliminaryOrganizationType, Acronym, OpenDatasetsURL, PrincipalOfficerTitle, DateCreated, LegalCitationURL, Name, PrincipalOfficerName, Name - Greenbook, FoundingYear, PrincipalOfficerFamilyName, LegalCitation, NameWithAcronym, NameAlphabetized, NameAlphabetizedWithAcronym, AuthorizingAuthority, OperationalStatus)"
OPS_000269,['REC_000099'],landmarks preservation commission,source_preference,"['Name', 'NameAlphabetized', 'OperationalStatus', 'PreliminaryOrganizationType', 'Description', 'URL', 'NYCReportingLine', 'AuthorizingAuthority', 'LegalCitation', 'LegalCitationURL', 'LegalCitationText', 'Acronym', 'BudgetCode', 'PrincipalOfficerName', 'PrincipalOfficerTitle', 'OpenDatasetsURL', 'FoundingYear', 'URISlug', 'DateCreated', 'Name - NYC.gov Agency List', ""Name - NYC.gov Mayor's Office"", 'Name - NYC Open Data Portal', 'Name - ODA', 'Name - CPO', 'Name - WeGov', 'Name - Greenbook', 'Name - Checkbook', 'NameWithAcronym', 'NameAlphabetizedWithAcronym', 'PrincipalOfficerGivenName', 'PrincipalOfficerFamilyName']","Kept ops record over primary (preserved fields: Name - NYC.gov Mayor's Office, PrincipalOfficerGivenName, Name - NYC Open Data Portal, Name - CPO, LegalCitationText, Name - WeGov, NYCReportingLine, URL, Name - NYC.gov Agency List, URISlug, BudgetCode, Name - ODA, Description, Name - Checkbook, PreliminaryOrganizationType, Acronym, OpenDatasetsURL, PrincipalOfficerTitle, DateCreated, LegalCitationURL, Name, PrincipalOfficerName, Name - Greenbook, FoundingYear, PrincipalOfficerFamilyName, LegalCitation, NameWithAcronym, NameAlphabetized, NameAlphabetizedWithAcronym, AuthorizingAuthority, OperationalStatus)"
OPS_000263,['REC_000100'],latin media and entertainment commission,source_preference,"['Name', 'NameAlphabetized', 'OperationalStatus', 'PreliminaryOrganizationType', 'NYCReportingLine', 'AuthorizingAuthority', 'LegalCitation', 'LegalCitationURL', 'LegalCitationText', 'Acronym', 'OpenDatasetsURL', 'FoundingYear', 'URISlug', 'DateCreated', 'Name - NYC Open Data Portal', 'NameWithAcronym', 'NameAlphabetizedWithAcronym']","Kept ops record over primary (preserved fields: Name - NYC Open Data Portal, FoundingYear, LegalCitationText, LegalCitationURL, LegalCitation, PreliminaryOrganizationType, AuthorizingAuthority, NameWithAcronym, Acronym, OpenDatasetsURL, NameAlphabetized, NYCReportingLine, DateCreated, NameAlphabetizedWithAcronym, URISlug, Name, OperationalStatus)"
OPS_000119,['REC_000101'],law department,source_preference,"['Name', 'NameAlphabetized', 'OperationalStatus', 'PreliminaryOrganizationType', 'Description', 'URL', 'ParentOrganization', 'NYCReportingLine', 'AuthorizingAuthority', 'LegalCitation', 'LegalCitationURL', 'LegalCitationText', 'Acronym', 'AlternateAcronyms', 'BudgetCode', 'PrincipalOfficerName', 'PrincipalOfficerTitle', 'OpenDatasetsURL', 'FoundingYear', 'URISlug', 'DateCreated', 'Name - NYC.gov Agency List', ""Name - NYC.gov Mayor's Office"", 'Name - NYC Open Data Portal', 'Name - ODA', 'Name - CPO', 'Name - WeGov', 'Name - Greenbook', 'Name - Checkbook', 'NameWithAcronym', 'NameAlphabetizedWithAcronym', 'PrincipalOfficerGivenName', 'PrincipalOfficerFamilyName']","Kept ops record over primary (preserved fields: Name - NYC.gov Mayor's Office, ParentOrganization, PrincipalOfficerGivenName, Name - NYC Open Data Portal, Name - CPO, LegalCitationText, Name - WeGov, NYCReportingLine, URL, Name - NYC.gov Agency List, URISlug, BudgetCode, Name - ODA, AlternateAcronyms, Description, Name - Checkbook, PreliminaryOrganizationType, Acronym, OpenDatasetsURL, PrincipalOfficerTitle, DateCreated, LegalCitationURL, Name, PrincipalOfficerName, Name - Greenbook, FoundingYear, PrincipalOfficerFamilyName, LegalCitation, NameWithAcronym, NameAlphabetized, NameAlphabetizedWithAcronym, AuthorizingAuthority, OperationalStatus)"
OPS_000268,['REC_000162'],loft board,source_preference,"['Name', 'NameAlphabetized', 'OperationalStatus', 'PreliminaryOrganizationType', 'Description', 'URL', 'NYCReportingLine', 'AuthorizingAuthority', 'LegalCitation', 'LegalCitationURL', 'LegalCitationText', 'Acronym', 'PrincipalOfficerName', 'PrincipalOfficerTitle', 'FoundingYear', 'URISlug', 'DateCreated', 'Name - NYC.gov Agency List', ""Name - NYC.gov Mayor's Office"", 'Name - WeGov', 'NameWithAcronym', 'NameAlphabetizedWithAcronym', 'PrincipalOfficerGivenName', 'PrincipalOfficerFamilyName']","Kept ops record over primary (preserved fields: Name - NYC.gov Mayor's Office, PrincipalOfficerGivenName, LegalCitationText, Name - WeGov, NYCReportingLine, URL, Name - NYC.gov Agency List, URISlug, Description, PreliminaryOrganizationType, Acronym, PrincipalOfficerTitle, DateCreated, LegalCitationURL, Name, PrincipalOfficerName, FoundingYear, PrincipalOfficerFamilyName, LegalCitation, NameWithAcronym, NameAlphabetized, NameAlphabetizedWithAcronym, AuthorizingAuthority, OperationalStatus)"
OPS_000267,['REC_000102'],lower manhattan development corporation,source_preference,"['Name', 'NameAlphabetized', 'OperationalStatus', 'PreliminaryOrganizationType', 'URL', 'AuthorizingAuthority', 'FoundingYear', 'URISlug', 'DateCreated', 'Name - Greenbook', 'NameWithAcronym', 'NameAlphabetizedWithAcronym']","Kept ops record over primary (preserved fields: FoundingYear, PreliminaryOrganizationType, AuthorizingAuthority, Name - Greenbook, NameWithAcronym, NameAlphabetized, URL, DateCreated, NameAlphabetizedWithAcronym, URISlug, Name, OperationalStatus)"
OPS_000290,['REC_000177'],municipal water finance authority,source_preference,"['Name', 'NameAlphabetized', 'OperationalStatus', 'PreliminaryOrganizationType', 'Description', 'URL', 'AuthorizingAuthority', 'Acronym', 'PrincipalOfficerName', 'PrincipalOfficerTitle', 'FoundingYear', 'URISlug', 'DateCreated', 'Name - NYC.gov Agency List', ""Name - NYC.gov Mayor's Office"", 'Name - WeGov', 'Name - Greenbook', 'NameWithAcronym', 'NameAlphabetizedWithAcronym', 'PrincipalOfficerGivenName', 'PrincipalOfficerFamilyName']","Kept ops record over primary (preserved fields: Name - NYC.gov Mayor's Office, PrincipalOfficerGivenName, Name - WeGov, URL, Name - NYC.gov Agency List, URISlug, Description, PreliminaryOrganizationType, Acronym, PrincipalOfficerTitle, DateCreated, Name, PrincipalOfficerName, Name - Greenbook, FoundingYear, PrincipalOfficerFamilyName, NameWithAcronym, NameAlphabetized, NameAlphabetizedWithAcronym, AuthorizingAuthority, OperationalStatus)"
OPS_000311,['REC_000167'],new york public library,source_preference,"['Name', 'NameAlphabetized', 'OperationalStatus', 'PreliminaryOrganizationType', 'Description', 'URL', 'AuthorizingAuthority', 'Acronym', 'BudgetCode', 'PrincipalOfficerName', 'PrincipalOfficerTitle', 'OpenDatasetsURL', 'FoundingYear', 'URISlug', 'DateCreated', 'Name - NYC.gov Agency List', ""Name - NYC.gov Mayor's Office"", 'Name - NYC Open Data Portal', 'Name - ODA', 'Name - WeGov', 'Name - Greenbook', 'Name - Checkbook', 'NameWithAcronym', 'NameAlphabetizedWithAcronym', 'PrincipalOfficerGivenName', 'PrincipalOfficerFamilyName']","Kept ops record over primary (preserved fields: Name - NYC.gov Mayor's Office, PrincipalOfficerGivenName, Name - NYC Open Data Portal, Name - WeGov, URL, Name - ODA, Name - NYC.gov Agency List, URISlug, BudgetCode, Description, Name - Checkbook, PreliminaryOrganizationType, Acronym, OpenDatasetsURL, PrincipalOfficerTitle, DateCreated, Name, PrincipalOfficerName, Name - Greenbook, FoundingYear, PrincipalOfficerFamilyName, NameWithAcronym, NameAlphabetized, NameAlphabetizedWithAcronym, AuthorizingAuthority, OperationalStatus)"
OPS_000073,['REC_000223'],pay equity cabinet,source_preference,"['Name', 'NameAlphabetized', 'OperationalStatus', 'PreliminaryOrganizationType', 'Description', 'URL', 'ParentOrganization', 'NYCReportingLine', 'AuthorizingAuthority', 'LegalCitation', 'LegalCitationURL', 'LegalCitationText', 'Acronym', 'FoundingYear', 'URISlug', 'DateCreated', 'Name - ODA', 'NameWithAcronym', 'NameAlphabetizedWithAcronym']","Kept ops record over primary (preserved fields: ParentOrganization, LegalCitationText, NYCReportingLine, Name - ODA, URL, URISlug, Description, PreliminaryOrganizationType, Acronym, DateCreated, LegalCitationURL, Name, FoundingYear, LegalCitation, NameWithAcronym, NameAlphabetized, NameAlphabetizedWithAcronym, AuthorizingAuthority, OperationalStatus)"
OPS_000124,['REC_000224'],police department,source_preference,"['Name', 'NameAlphabetized', 'OperationalStatus', 'PreliminaryOrganizationType', 'Description', 'URL', 'ParentOrganization', 'NYCReportingLine', 'AuthorizingAuthority', 'LegalCitation', 'LegalCitationURL', 'LegalCitationText', 'Acronym', 'BudgetCode', 'PrincipalOfficerName', 'PrincipalOfficerTitle', 'OpenDatasetsURL', 'FoundingYear', 'URISlug', 'DateCreated', 'Name - NYC.gov Agency List', ""Name - NYC.gov Mayor's Office"", 'Name - NYC Open Data Portal', 'Name - ODA', 'Name - CPO', 'Name - WeGov', 'Name - Greenbook', 'Name - Checkbook', 'NameWithAcronym', 'NameAlphabetizedWithAcronym', 'PrincipalOfficerGivenName', 'PrincipalOfficerFamilyName']","Kept ops record over primary (preserved fields: Name - NYC.gov Mayor's Office, ParentOrganization, PrincipalOfficerGivenName, Name - NYC Open Data Portal, Name - CPO, LegalCitationText, Name - WeGov, NYCReportingLine, URL, Name - NYC.gov Agency List, URISlug, BudgetCode, Name - ODA, Description, Name - Checkbook, PreliminaryOrganizationType, Acronym, OpenDatasetsURL, PrincipalOfficerTitle, DateCreated, LegalCitationURL, Name, PrincipalOfficerName, Name - Greenbook, FoundingYear, PrincipalOfficerFamilyName, LegalCitation, NameWithAcronym, NameAlphabetized, NameAlphabetizedWithAcronym, AuthorizingAuthority, OperationalStatus)"
OPS_000410,['REC_000180'],police pension fund,source_preference,"['Name', 'NameAlphabetized', 'OperationalStatus', 'PreliminaryOrganizationType', 'Description', 'URL', 'AuthorizingAuthority', 'Acronym', 'PrincipalOfficerName', 'PrincipalOfficerTitle', 'FoundingYear', 'URISlug', 'DateCreated', 'Name - NYC.gov Agency List', ""Name - NYC.gov Mayor's Office"", 'Name - ODA', 'Name - CPO', 'Name - WeGov', 'Name - Greenbook', 'NameWithAcronym', 'NameAlphabetizedWithAcronym', 'PrincipalOfficerGivenName', 'PrincipalOfficerFamilyName']","Kept ops record over primary (preserved fields: Name - NYC.gov Mayor's Office, PrincipalOfficerGivenName, Name - CPO, Name - WeGov, URL, Name - ODA, Name - NYC.gov Agency List, URISlug, Description, PreliminaryOrganizationType, Acronym, PrincipalOfficerTitle, DateCreated, Name, PrincipalOfficerName, Name - Greenbook, FoundingYear, PrincipalOfficerFamilyName, NameWithAcronym, NameAlphabetized, NameAlphabetizedWithAcronym, AuthorizingAuthority, OperationalStatus)"
OPS_000318,['REC_000225'],procurement policy board,source_preference,"['Name', 'NameAlphabetized', 'OperationalStatus', 'PreliminaryOrganizationType', 'Description', 'URL', 'NYCReportingLine', 'AuthorizingAuthority', 'LegalCitation', 'LegalCitationURL', 'LegalCitationText', 'Acronym', 'PrincipalOfficerName', 'PrincipalOfficerTitle', 'FoundingYear', 'URISlug', 'DateCreated', 'Name - NYC.gov Agency List', ""Name - NYC.gov Mayor's Office"", 'Name - WeGov', 'NameWithAcronym', 'NameAlphabetizedWithAcronym', 'PrincipalOfficerGivenName', 'PrincipalOfficerFamilyName']","Kept ops record over primary (preserved fields: Name - NYC.gov Mayor's Office, PrincipalOfficerGivenName, LegalCitationText, Name - WeGov, NYCReportingLine, URL, Name - NYC.gov Agency List, URISlug, Description, PreliminaryOrganizationType, Acronym, PrincipalOfficerTitle, DateCreated, LegalCitationURL, Name, PrincipalOfficerName, FoundingYear, PrincipalOfficerFamilyName, LegalCitation, NameWithAcronym, NameAlphabetized, NameAlphabetizedWithAcronym, AuthorizingAuthority, OperationalStatus)"
OPS_000316,['REC_000228'],public design commission,source_preference,"['Name', 'NameAlphabetized', 'OperationalStatus', 'PreliminaryOrganizationType', 'Description', 'URL', 'NYCReportingLine', 'AuthorizingAuthority', 'LegalCitation', 'LegalCitationURL', 'LegalCitationText', 'LegalName', 'AlternateNames', 'Acronym', 'PrincipalOfficerName', 'PrincipalOfficerTitle', 'OpenDatasetsURL', 'Notes', 'FoundingYear', 'URISlug', 'DateCreated', 'Name - NYC.gov Agency List', ""Name - NYC.gov Mayor's Office"", 'Name - NYC Open Data Portal', 'Name - ODA', 'Name - CPO', 'Name - WeGov', 'NameWithAcronym', 'NameAlphabetizedWithAcronym', 'PrincipalOfficerGivenName', 'PrincipalOfficerFamilyName']","Kept ops record over primary (preserved fields: Notes, Name - NYC.gov Mayor's Office, PrincipalOfficerGivenName, Name - NYC Open Data Portal, Name - CPO, LegalName, LegalCitationText, Name - WeGov, NYCReportingLine, URL, AlternateNames, URISlug, Name - NYC.gov Agency List, Name - ODA, Description, PreliminaryOrganizationType, Acronym, OpenDatasetsURL, PrincipalOfficerTitle, DateCreated, LegalCitationURL, Name, PrincipalOfficerName, FoundingYear, PrincipalOfficerFamilyName, LegalCitation, NameWithAcronym, NameAlphabetized, NameAlphabetizedWithAcronym, AuthorizingAuthority, OperationalStatus)"
OPS_000413,['REC_000229'],queens public library,source_preference,"['Name', 'NameAlphabetized', 'OperationalStatus', 'PreliminaryOrganizationType', 'Description', 'URL', 'AuthorizingAuthority', 'Acronym', 'BudgetCode', 'PrincipalOfficerName', 'PrincipalOfficerTitle', 'OpenDatasetsURL', 'FoundingYear', 'URISlug', 'DateCreated', 'Name - NYC.gov Agency List', ""Name - NYC.gov Mayor's Office"", 'Name - NYC Open Data Portal', 'Name - ODA', 'Name - WeGov', 'Name - Greenbook', 'Name - Checkbook', 'NameWithAcronym', 'NameAlphabetizedWithAcronym', 'PrincipalOfficerGivenName', 'PrincipalOfficerFamilyName']","Kept ops record over primary (preserved fields: Name - NYC.gov Mayor's Office, PrincipalOfficerGivenName, Name - NYC Open Data Portal, Name - WeGov, URL, Name - ODA, Name - NYC.gov Agency List, URISlug, BudgetCode, Description, Name - Checkbook, PreliminaryOrganizationType, Acronym, OpenDatasetsURL, PrincipalOfficerTitle, DateCreated, Name, PrincipalOfficerName, Name - Greenbook, FoundingYear, PrincipalOfficerFamilyName, NameWithAcronym, NameAlphabetized, NameAlphabetizedWithAcronym, AuthorizingAuthority, OperationalStatus)"
OPS_000330,['REC_000230'],rent guidelines board,source_preference,"['Name', 'NameAlphabetized', 'OperationalStatus', 'PreliminaryOrganizationType', 'Description', 'URL', 'NYCReportingLine', 'AuthorizingAuthority', 'LegalCitation', 'LegalCitationURL', 'LegalCitationText', 'Acronym', 'PrincipalOfficerName', 'PrincipalOfficerTitle', 'FoundingYear', 'URISlug', 'DateCreated', 'Name - NYC.gov Agency List', ""Name - NYC.gov Mayor's Office"", 'Name - ODA', 'Name - CPO', 'Name - WeGov', 'Name - Greenbook', 'NameWithAcronym', 'NameAlphabetizedWithAcronym', 'PrincipalOfficerGivenName', 'PrincipalOfficerFamilyName']","Kept ops record over primary (preserved fields: Name - NYC.gov Mayor's Office, PrincipalOfficerGivenName, Name - CPO, LegalCitationText, Name - WeGov, NYCReportingLine, URL, Name - NYC.gov Agency List, URISlug, Name - ODA, Description, PreliminaryOrganizationType, Acronym, PrincipalOfficerTitle, DateCreated, LegalCitationURL, Name, PrincipalOfficerName, Name - Greenbook, FoundingYear, PrincipalOfficerFamilyName, LegalCitation, NameWithAcronym, NameAlphabetized, NameAlphabetizedWithAcronym, AuthorizingAuthority, OperationalStatus)"
OPS_000415,['REC_000231'],sales tax asset receivable corporation,source_preference,"['Name', 'NameAlphabetized', 'OperationalStatus', 'PreliminaryOrganizationType', 'Description', 'URL', 'AuthorizingAuthority', 'Acronym', 'PrincipalOfficerName', 'PrincipalOfficerTitle', 'FoundingYear', 'URISlug', 'DateCreated', 'Name - NYC.gov Agency List', ""Name - NYC.gov Mayor's Office"", 'NameWithAcronym', 'NameAlphabetizedWithAcronym', 'PrincipalOfficerGivenName', 'PrincipalOfficerFamilyName']","Kept ops record over primary (preserved fields: Name - NYC.gov Mayor's Office, PrincipalOfficerGivenName, URL, Name - NYC.gov Agency List, URISlug, Description, PreliminaryOrganizationType, Acronym, PrincipalOfficerTitle, DateCreated, Name, PrincipalOfficerName, FoundingYear, PrincipalOfficerFamilyName, NameWithAcronym, NameAlphabetized, NameAlphabetizedWithAcronym, AuthorizingAuthority, OperationalStatus)"
OPS_000134,['REC_000232'],school construction authority,source_preference,"['Name', 'NameAlphabetized', 'OperationalStatus', 'PreliminaryOrganizationType', 'Description', 'URL', 'AuthorizingAuthority', 'Acronym', 'BudgetCode', 'PrincipalOfficerName', 'PrincipalOfficerTitle', 'OpenDatasetsURL', 'FoundingYear', 'URISlug', 'DateCreated', 'Name - NYC.gov Agency List', ""Name - NYC.gov Mayor's Office"", 'Name - NYC Open Data Portal', 'Name - ODA', 'Name - WeGov', 'Name - Greenbook', 'Name - Checkbook', 'NameWithAcronym', 'NameAlphabetizedWithAcronym', 'PrincipalOfficerGivenName', 'PrincipalOfficerFamilyName']","Kept ops record over primary (preserved fields: Name - NYC.gov Mayor's Office, PrincipalOfficerGivenName, Name - NYC Open Data Portal, Name - WeGov, URL, Name - ODA, Name - NYC.gov Agency List, URISlug, BudgetCode, Description, Name - Checkbook, PreliminaryOrganizationType, Acronym, OpenDatasetsURL, PrincipalOfficerTitle, DateCreated, Name, PrincipalOfficerName, Name - Greenbook, FoundingYear, PrincipalOfficerFamilyName, NameWithAcronym, NameAlphabetized, NameAlphabetizedWithAcronym, AuthorizingAuthority, OperationalStatus)"
OPS_000357,['REC_000235'],tax appeals tribunal,source_preference,"['Name', 'NameAlphabetized', 'OperationalStatus', 'PreliminaryOrganizationType', 'Description', 'URL', 'ParentOrganization', 'NYCReportingLine', 'AuthorizingAuthority', 'LegalCitation', 'LegalCitationURL', 'LegalCitationText', 'Acronym', 'PrincipalOfficerName', 'PrincipalOfficerTitle', 'FoundingYear', 'URISlug', 'DateCreated', 'Name - NYC.gov Agency List', ""Name - NYC.gov Mayor's Office"", 'Name - ODA', 'Name - WeGov', 'NameWithAcronym', 'NameAlphabetizedWithAcronym', 'PrincipalOfficerGivenName', 'PrincipalOfficerFamilyName']","Kept ops record over primary (preserved fields: Name - NYC.gov Mayor's Office, ParentOrganization, PrincipalOfficerGivenName, LegalCitationText, Name - WeGov, NYCReportingLine, URL, Name - NYC.gov Agency List, URISlug, Name - ODA, Description, PreliminaryOrganizationType, Acronym, PrincipalOfficerTitle, DateCreated, LegalCitationURL, Name, PrincipalOfficerName, FoundingYear, PrincipalOfficerFamilyName, LegalCitation, NameWithAcronym, NameAlphabetized, NameAlphabetizedWithAcronym, AuthorizingAuthority, OperationalStatus)"
OPS_000358,['REC_000165'],tax commission,source_preference,"['Name', 'NameAlphabetized', 'OperationalStatus', 'PreliminaryOrganizationType', 'Description', 'URL', 'ParentOrganization', 'NYCReportingLine', 'AuthorizingAuthority', 'LegalCitation', 'LegalCitationURL', 'LegalCitationText', 'Acronym', 'PrincipalOfficerName', 'PrincipalOfficerTitle', 'OpenDatasetsURL', 'FoundingYear', 'URISlug', 'DateCreated', 'Name - NYC.gov Agency List', ""Name - NYC.gov Mayor's Office"", 'Name - NYC Open Data Portal', 'Name - ODA', 'Name - WeGov', 'NameWithAcronym', 'NameAlphabetizedWithAcronym', 'PrincipalOfficerGivenName', 'PrincipalOfficerFamilyName']","Kept ops record over primary (preserved fields: Name - NYC.gov Mayor's Office, ParentOrganization, PrincipalOfficerGivenName, Name - NYC Open Data Portal, LegalCitationText, Name - WeGov, NYCReportingLine, URL, Name - NYC.gov Agency List, URISlug, Name - ODA, Description, PreliminaryOrganizationType, Acronym, OpenDatasetsURL, PrincipalOfficerTitle, DateCreated, LegalCitationURL, Name, PrincipalOfficerName, FoundingYear, PrincipalOfficerFamilyName, LegalCitation, NameWithAcronym, NameAlphabetized, NameAlphabetizedWithAcronym, AuthorizingAuthority, OperationalStatus)"
OPS_000137,['REC_000236'],taxi and limousine commission,source_preference,"['Name', 'NameAlphabetized', 'OperationalStatus', 'PreliminaryOrganizationType', 'Description', 'URL', 'ParentOrganization', 'NYCReportingLine', 'AuthorizingAuthority', 'LegalCitation', 'LegalCitationURL', 'LegalCitationText', 'Acronym', 'BudgetCode', 'PrincipalOfficerName', 'PrincipalOfficerTitle', 'OpenDatasetsURL', 'FoundingYear', 'URISlug', 'DateCreated', 'Name - NYC.gov Agency List', ""Name - NYC.gov Mayor's Office"", 'Name - NYC Open Data Portal', 'Name - ODA', 'Name - CPO', 'Name - WeGov', 'Name - Greenbook', 'Name - Checkbook', 'NameWithAcronym', 'NameAlphabetizedWithAcronym', 'PrincipalOfficerGivenName', 'PrincipalOfficerFamilyName']","Kept ops record over primary (preserved fields: Name - NYC.gov Mayor's Office, ParentOrganization, PrincipalOfficerGivenName, Name - NYC Open Data Portal, Name - CPO, LegalCitationText, Name - WeGov, NYCReportingLine, URL, Name - NYC.gov Agency List, URISlug, BudgetCode, Name - ODA, Description, Name - Checkbook, PreliminaryOrganizationType, Acronym, OpenDatasetsURL, PrincipalOfficerTitle, DateCreated, LegalCitationURL, Name, PrincipalOfficerName, Name - Greenbook, FoundingYear, PrincipalOfficerFamilyName, LegalCitation, NameWithAcronym, NameAlphabetized, NameAlphabetizedWithAcronym, AuthorizingAuthority, OperationalStatus)"
OPS_000371,['REC_000243'],united nations development corporation,source_preference,"['Name', 'NameAlphabetized', 'OperationalStatus', 'PreliminaryOrganizationType', 'URL', 'AuthorizingAuthority', 'FoundingYear', 'URISlug', 'DateCreated', 'Name - Greenbook', 'NameWithAcronym', 'NameAlphabetizedWithAcronym']","Kept ops record over primary (preserved fields: FoundingYear, PreliminaryOrganizationType, AuthorizingAuthority, Name - Greenbook, NameWithAcronym, NameAlphabetized, URL, DateCreated, NameAlphabetizedWithAcronym, URISlug, Name, OperationalStatus)"
OPS_000080,['REC_000244'],unity project,source_preference,"['Name', 'NameAlphabetized', 'OperationalStatus', 'PreliminaryOrganizationType', 'URL', 'ParentOrganization', 'NYCReportingLine', 'AuthorizingAuthority', 'Acronym', 'FoundingYear', 'URISlug', 'DateCreated', 'Name - ODA', 'Name - WeGov', 'NameWithAcronym', 'NameAlphabetizedWithAcronym']","Kept ops record over primary (preserved fields: FoundingYear, Name - WeGov, ParentOrganization, Name - ODA, PreliminaryOrganizationType, AuthorizingAuthority, NYCReportingLine, NameWithAcronym, Acronym, NameAlphabetized, URL, DateCreated, NameAlphabetizedWithAcronym, URISlug, Name, OperationalStatus)"
OPS_000372,['REC_000245'],voter assistance advisory committee,source_preference,"['Name', 'NameAlphabetized', 'OperationalStatus', 'PreliminaryOrganizationType', 'NYCReportingLine', 'AuthorizingAuthority', 'LegalCitation', 'LegalCitationURL', 'LegalCitationText', 'FoundingYear', 'URISlug', 'DateCreated', 'NameWithAcronym', 'NameAlphabetizedWithAcronym']","Kept ops record over primary (preserved fields: FoundingYear, LegalCitationText, LegalCitationURL, LegalCitation, PreliminaryOrganizationType, AuthorizingAuthority, NameWithAcronym, NameAlphabetized, NYCReportingLine, DateCreated, NameAlphabetizedWithAcronym, URISlug, Name, OperationalStatus)"
OPS_000375,['REC_000166'],water board,source_preference,"['Name', 'NameAlphabetized', 'OperationalStatus', 'PreliminaryOrganizationType', 'Description', 'URL', 'AuthorizingAuthority', 'Acronym', 'PrincipalOfficerName', 'PrincipalOfficerTitle', 'FoundingYear', 'URISlug', 'DateCreated', 'Name - NYC.gov Agency List', ""Name - NYC.gov Mayor's Office"", 'Name - ODA', 'Name - WeGov', 'NameWithAcronym', 'NameAlphabetizedWithAcronym', 'PrincipalOfficerGivenName', 'PrincipalOfficerFamilyName']","Kept ops record over primary (preserved fields: Name - NYC.gov Mayor's Office, PrincipalOfficerGivenName, Name - WeGov, URL, Name - ODA, Name - NYC.gov Agency List, URISlug, Description, PreliminaryOrganizationType, Acronym, PrincipalOfficerTitle, DateCreated, Name, PrincipalOfficerName, FoundingYear, PrincipalOfficerFamilyName, NameWithAcronym, NameAlphabetized, NameAlphabetizedWithAcronym, AuthorizingAuthority, OperationalStatus)"
OPS_000388,['REC_000247'],youth board,source_preference,"['Name', 'NameAlphabetized', 'OperationalStatus', 'PreliminaryOrganizationType', 'ParentOrganization', 'NYCReportingLine', 'AuthorizingAuthority', 'LegalCitation', 'LegalCitationURL', 'LegalCitationText', 'FoundingYear', 'URISlug', 'DateCreated', 'NameWithAcronym', 'NameAlphabetizedWithAcronym']","Kept ops record over primary (preserved fields: FoundingYear, LegalCitationText, LegalCitationURL, ParentOrganization, LegalCitation, PreliminaryOrganizationType, AuthorizingAuthority, NameWithAcronym, NameAlphabetized, NYCReportingLine, DateCreated, NameAlphabetizedWithAcronym, URISlug, Name, OperationalStatus)"
